{
  "metadata": {
    "timestamp": "2026-03-19T13:14:58.688790",
    "total_samples": 1183
  },
  "deterministic": {
    "total": 1183,
    "accuracy": {
      "overall": 0.231614539306847,
      "directional_accuracy": 0.4349315068493151,
      "metric_accuracy": 0.1758957654723127,
      "composite_accuracy": 0.036585365853658534,
      "topological_accuracy": 0.2485207100591716,
      "by_type": {
        "directional": {
          "correct": 127,
          "total": 292
        },
        "metric": {
          "correct": 54,
          "total": 307
        },
        "composite": {
          "correct": 9,
          "total": 246
        },
        "topological": {
          "correct": 84,
          "total": 338
        }
      }
    },
    "format_valid_rate": 1.0,
    "bleu4": 0.17143393610074253,
    "rouge_l": 0.423717028048178,
    "spatial_f1": {
      "overall": {
        "precision": 0.5653543307086614,
        "recall": 0.6617511520737327,
        "f1": 0.6097664543524417
      },
      "by_type": {
        "directional": {
          "precision": 0.43276173285198555,
          "recall": 0.5732217573221757,
          "f1": 0.49318590897402925
        },
        "topological": {
          "precision": 0.6923076923076923,
          "recall": 0.11042944785276074,
          "f1": 0.19047619047619047
        },
        "metric": {
          "precision": 0.7506377551020408,
          "recall": 0.8294573643410853,
          "f1": 0.7880816873116839
        }
      }
    }
  },
  "by_spatial_type": {
    "directional": {
      "total": 292,
      "accuracy": {
        "overall": 0.4349315068493151,
        "directional_accuracy": 0.4349315068493151,
        "by_type": {
          "directional": {
            "correct": 127,
            "total": 292
          }
        }
      },
      "format_valid_rate": 1.0,
      "bleu4": 0.2541819684071032,
      "rouge_l": 0.5586803856555692,
      "spatial_f1": {
        "overall": {
          "precision": 0.48712667353244077,
          "recall": 0.5761266747868453,
          "f1": 0.5279017857142857
        },
        "by_type": {
          "directional": {
            "precision": 0.5519253208868145,
            "recall": 0.5761266747868453,
            "f1": 0.563766388557807
          },
          "topological": {
            "precision": 0,
            "recall": 0,
            "f1": 0
          },
          "metric": {
            "precision": 0.0,
            "recall": 0,
            "f1": 0
          }
        }
      }
    },
    "metric": {
      "total": 307,
      "accuracy": {
        "overall": 0.1758957654723127,
        "metric_accuracy": 0.1758957654723127,
        "by_type": {
          "metric": {
            "correct": 54,
            "total": 307
          }
        }
      },
      "format_valid_rate": 1.0,
      "bleu4": 0.07078049183676326,
      "rouge_l": 0.2800626594813839,
      "spatial_f1": {
        "overall": {
          "precision": 0.5740384615384615,
          "recall": 0.7886393659180978,
          "f1": 0.6644407345575959
        },
        "by_type": {
          "directional": {
            "precision": 0.06291390728476821,
            "recall": 0.8636363636363636,
            "f1": 0.11728395061728394
          },
          "topological": {
            "precision": 0,
            "recall": 0.0,
            "f1": 0
          },
          "metric": {
            "precision": 0.7831978319783198,
            "recall": 0.7885402455661664,
            "f1": 0.7858599592114208
          }
        }
      }
    },
    "composite": {
      "total": 246,
      "accuracy": {
        "overall": 0.036585365853658534,
        "composite_accuracy": 0.036585365853658534,
        "by_type": {
          "composite": {
            "correct": 9,
            "total": 246
          }
        }
      },
      "format_valid_rate": 1.0,
      "bleu4": 0.11954390506096439,
      "rouge_l": 0.343091163491351,
      "spatial_f1": {
        "overall": {
          "precision": 0.6551966292134831,
          "recall": 0.6880530973451328,
          "f1": 0.6712230215827338
        },
        "by_type": {
          "directional": {
            "precision": 0.4287548138639281,
            "recall": 0.49262536873156343,
            "f1": 0.4584763212079616
          },
          "topological": {
            "precision": 0,
            "recall": 0,
            "f1": 0
          },
          "metric": {
            "precision": 0.9286821705426357,
            "recall": 0.883480825958702,
            "f1": 0.9055177626606198
          }
        }
      }
    },
    "topological": {
      "total": 338,
      "accuracy": {
        "overall": 0.2485207100591716,
        "topological_accuracy": 0.2485207100591716,
        "by_type": {
          "topological": {
            "correct": 84,
            "total": 338
          }
        }
      },
      "format_valid_rate": 1.0,
      "bleu4": 0.22913550293911447,
      "rouge_l": 0.49628079553228166,
      "spatial_f1": {
        "overall": {
          "precision": 0.4026666666666667,
          "recall": 0.470404984423676,
          "f1": 0.43390804597701155
        },
        "by_type": {
          "directional": {
            "precision": 0.4784172661870504,
            "recall": 0.875,
            "f1": 0.6186046511627906
          },
          "topological": {
            "precision": 0.6923076923076923,
            "recall": 0.11180124223602485,
            "f1": 0.19251336898395724
          },
          "metric": {
            "precision": 0.0,
            "recall": 0.0,
            "f1": 0
          }
        }
      }
    }
  },
  "by_difficulty": {
    "medium": {
      "total": 520,
      "accuracy": {
        "overall": 0.2692307692307692,
        "directional_accuracy": 0.38181818181818183,
        "topological_accuracy": 0.27303754266211605,
        "metric_accuracy": 0.15384615384615385,
        "by_type": {
          "directional": {
            "correct": 42,
            "total": 110
          },
          "topological": {
            "correct": 80,
            "total": 293
          },
          "metric": {
            "correct": 18,
            "total": 117
          }
        }
      },
      "format_valid_rate": 1.0,
      "bleu4": 0.205836955892107,
      "rouge_l": 0.4604886841014772,
      "spatial_f1": {
        "overall": {
          "precision": 0.46648793565683644,
          "recall": 0.5865168539325842,
          "f1": 0.5196615231458438
        },
        "by_type": {
          "directional": {
            "precision": 0.4201909959072306,
            "recall": 0.6784140969162996,
            "f1": 0.5189553496208931
          },
          "topological": {
            "precision": 0.6190476190476191,
            "recall": 0.09219858156028368,
            "f1": 0.16049382716049382
          },
          "metric": {
            "precision": 0.5506849315068493,
            "recall": 0.6813559322033899,
            "f1": 0.609090909090909
          }
        }
      }
    },
    "easy": {
      "total": 372,
      "accuracy": {
        "overall": 0.32526881720430106,
        "metric_accuracy": 0.18947368421052632,
        "directional_accuracy": 0.46703296703296704,
        "by_type": {
          "metric": {
            "correct": 36,
            "total": 190
          },
          "directional": {
            "correct": 85,
            "total": 182
          }
        }
      },
      "format_valid_rate": 1.0,
      "bleu4": 0.17351234251805547,
      "rouge_l": 0.43231966911948616,
      "spatial_f1": {
        "overall": {
          "precision": 0.5540322580645162,
          "recall": 0.7075180226570545,
          "f1": 0.6214382632293081
        },
        "by_type": {
          "directional": {
            "precision": 0.4538799414348463,
            "recall": 0.5893536121673004,
            "f1": 0.5128205128205129
          },
          "topological": {
            "precision": 0,
            "recall": 0,