{
  "metadata": {
    "timestamp": "2026-03-19T18:11:33.328030",
    "total_samples": 1183
  },
  "deterministic": {
    "total": 1183,
    "accuracy": {
      "overall": 0.6711749788672866,
      "directional_accuracy": 0.8287671232876712,
      "metric_accuracy": 0.8078175895765473,
      "composite_accuracy": 0.5772357723577236,
      "topological_accuracy": 0.47928994082840237,
      "by_type": {
        "directional": {
          "correct": 242,
          "total": 292
        },
        "metric": {
          "correct": 248,
          "total": 307
        },
        "composite": {
          "correct": 142,
          "total": 246
        },
        "topological": {
          "correct": 162,
          "total": 338
        }
      }
    },
    "format_valid_rate": 0.9915469146238377,
    "bleu4": 0.269443103459224,
    "rouge_l": 0.5906020315401829,
    "spatial_f1": {
      "overall": {
        "precision": 0.7859899079845651,
        "recall": 0.8135176651305683,
        "f1": 0.7995169082125603
      },
      "by_type": {
        "directional": {
          "precision": 0.7086383601756955,
          "recall": 0.867901972504483,
          "f1": 0.7802256851155293
        },
        "topological": {
          "precision": 0.6836734693877551,
          "recall": 0.4110429447852761,
          "f1": 0.5134099616858238
        },
        "metric": {
          "precision": 0.9238952536824877,
          "recall": 0.795630725863284,
          "f1": 0.8549791745550929
        }
      }
    }
  },
  "by_spatial_type": {
    "directional": {
      "total": 292,
      "accuracy": {
        "overall": 0.8287671232876712,
        "directional_accuracy": 0.8287671232876712,
        "by_type": {
          "directional": {
            "correct": 242,
            "total": 292
          }
        }
      },
      "format_valid_rate": 1.0,
      "bleu4": 0.522234550093395,
      "rouge_l": 0.7483307407830196,
      "spatial_f1": {
        "overall": {
          "precision": 0.8760139049826188,
          "recall": 0.9208282582216809,
          "f1": 0.8978622327790974
        },
        "by_type": {
          "directional": {
            "precision": 0.877030162412993,
            "recall": 0.9208282582216809,
            "f1": 0.8983957219251336
          },
          "topological": {
            "precision": 0,
            "recall": 0,
            "f1": 0
          },
          "metric": {
            "precision": 0.0,
            "recall": 0,
            "f1": 0
          }
        }
      }
    },
    "metric": {
      "total": 307,
      "accuracy": {
        "overall": 0.8078175895765473,
        "metric_accuracy": 0.8078175895765473,
        "by_type": {
          "metric": {
            "correct": 248,
            "total": 307
          }
        }
      },
      "format_valid_rate": 1.0,
      "bleu4": 0.06165852707845595,
      "rouge_l": 0.5337752174858899,
      "spatial_f1": {
        "overall": {
          "precision": 0.7812113720642769,
          "recall": 0.8348745046235139,
          "f1": 0.8071519795657728
        },
        "by_type": {
          "directional": {
            "precision": 0.054945054945054944,
            "recall": 0.45454545454545453,
            "f1": 0.09803921568627451
          },
          "topological": {
            "precision": 1.0,
            "recall": 1.0,
            "f1": 1.0
          },
          "metric": {
            "precision": 0.992,
            "recall": 0.8458390177353342,
            "f1": 0.9131075110456554
          }
        }
      }
    },
    "composite": {
      "total": 246,
      "accuracy": {
        "overall": 0.5772357723577236,
        "composite_accuracy": 0.5772357723577236,
        "by_type": {
          "composite": {
            "correct": 142,
            "total": 246
          }
        }
      },
      "format_valid_rate": 1.0,
      "bleu4": 0.2081294524537929,
      "rouge_l": 0.5646251194697081,
      "spatial_f1": {
        "overall": {
          "precision": 0.8616,
          "recall": 0.7942477876106194,
          "f1": 0.8265541059094397
        },
        "by_type": {
          "directional": {
            "precision": 0.7752043596730245,
            "recall": 0.8392330383480826,
            "f1": 0.8059490084985835
          },
          "topological": {
            "precision": 0,
            "recall": 0,
            "f1": 0
          },
          "metric": {
            "precision": 0.9844961240310077,
            "recall": 0.7492625368731564,
            "f1": 0.8509212730318257
          }
        }
      }
    },
    "topological": {
      "total": 338,
      "accuracy": {
        "overall": 0.47928994082840237,
        "topological_accuracy": 0.47928994082840237,
        "by_type": {
          "topological": {
            "correct": 162,
            "total": 338
          }
        }
      },
      "format_valid_rate": 0.9704142011834319,
      "bleu4": 0.28440736582328874,
      "rouge_l": 0.5248605202534858,
      "spatial_f1": {
        "overall": {
          "precision": 0.40939597315436244,
          "recall": 0.5700934579439252,
          "f1": 0.4765625
        },
        "by_type": {
          "directional": {
            "precision": 0.4317343173431734,
            "recall": 0.7697368421052632,
            "f1": 0.553191489361702
          },
          "topological": {
            "precision": 0.6770833333333334,
            "recall": 0.40372670807453415,
            "f1": 0.5058365758754865
          },
          "metric": {
            "precision": 0.0125,
            "recall": 0.125,
            "f1": 0.022727272727272728
          }
        }
      }
    }
  },
  "by_difficulty": {
    "medium": {
      "total": 520,
      "accuracy": {
        "overall": 0.6269230769230769,
        "directional_accuracy": 0.7454545454545455,
        "topological_accuracy": 0.5187713310580204,
        "metric_accuracy": 0.7863247863247863,
        "by_type": {
          "directional": {
            "correct": 82,
            "total": 110
          },
          "topological": {
            "correct": 152,
            "total": 293
          },
          "metric": {
            "correct": 92,
            "total": 117
          }
        }
      },
      "format_valid_rate": 0.9903846153846154,
      "bleu4": 0.2805462856009122,
      "rouge_l": 0.574556281757192,
      "spatial_f1": {
        "overall": {
          "precision": 0.648854961832061,
          "recall": 0.7640449438202247,
          "f1": 0.7017543859649122
        },
        "by_type": {
          "directional": {
            "precision": 0.5808936825885979,
            "recall": 0.8303964757709251,
            "f1": 0.6835902085222122
          },
          "topological": {
            "precision": 0.6888888888888889,
            "recall": 0.4397163120567376,
            "f1": 0.5367965367965368
          },
          "metric": {
            "precision": 0.7799352750809061,
            "recall": 0.8169491525423729,
            "f1": 0.7980132450331127
          }
        }
      }
    },
    "easy": {
      "total": 372,
      "accuracy": {
        "overall": 0.8494623655913979,
        "metric_accuracy": 0.8210526315789474,
        "directional_accuracy": 0.8791208791208791,
        "by_type": {
          "metric": {
            "correct": 156,
            "total": 190
          },
          "directional": {
            "correct": 160,
            "total": 182
          }
        }
      },
      "format_valid_rate": 1.0,
      "bleu4": 0.3223385194346874,
      "rouge_l": 0.66192852004557,
      "spatial_f1": {
        "overall": {
          "precision": 0.876,
          "recall": 0.90216271884655,
          "f1": 0.888888888888889
        },
        "by_type": {
          "directional": {
            "precision": 0.8025889967637541,
            "recall": 0.9429657794676806,
            "f1": 0.8671328671328671
          },
          "topological": {
            "precision": 0,
            "recall": 0,