{
  "metadata": {
    "timestamp": "2026-03-19T18:11:32.725248",
    "total_samples": 1183
  },
  "deterministic": {
    "total": 1183,
    "accuracy": {
      "overall": 0.7286559594251902,
      "directional_accuracy": 0.8561643835616438,
      "metric_accuracy": 0.8892508143322475,
      "composite_accuracy": 0.6138211382113821,
      "topological_accuracy": 0.5562130177514792,
      "by_type": {
        "directional": {
          "correct": 250,
          "total": 292
        },
        "metric": {
          "correct": 273,
          "total": 307
        },
        "composite": {
          "correct": 151,
          "total": 246
        },
        "topological": {
          "correct": 188,
          "total": 338
        }
      }
    },
    "format_valid_rate": 0.9991546914623838,
    "bleu4": 0.2788884807943477,
    "rouge_l": 0.6123317773672758,
    "spatial_f1": {
      "overall": {
        "precision": 0.841624685138539,
        "recall": 0.8211981566820277,
        "f1": 0.8312859586378479
      },
      "by_type": {
        "directional": {
          "precision": 0.7819347942276857,
          "recall": 0.8744769874476988,
          "f1": 0.8256207674943566
        },
        "topological": {
          "precision": 0.608,
          "recall": 0.4662576687116564,
          "f1": 0.5277777777777777
        },
        "metric": {
          "precision": 0.9610169491525423,
          "recall": 0.7991543340380549,
          "f1": 0.8726433243555213
        }
      }
    }
  },
  "by_spatial_type": {
    "directional": {
      "total": 292,
      "accuracy": {
        "overall": 0.8561643835616438,
        "directional_accuracy": 0.8561643835616438,
        "by_type": {
          "directional": {
            "correct": 250,
            "total": 292
          }
        }
      },
      "format_valid_rate": 1.0,
      "bleu4": 0.5090912052095046,
      "rouge_l": 0.7368583439946983,
      "spatial_f1": {
        "overall": {
          "precision": 0.8921113689095128,
          "recall": 0.9366626065773447,
          "f1": 0.9138443256090315
        },
        "by_type": {
          "directional": {
            "precision": 0.8921113689095128,
            "recall": 0.9366626065773447,
            "f1": 0.9138443256090315
          },
          "topological": {
            "precision": 0,
            "recall": 0,
            "f1": 0
          },
          "metric": {
            "precision": 0,
            "recall": 0,
            "f1": 0
          }
        }
      }
    },
    "metric": {
      "total": 307,
      "accuracy": {
        "overall": 0.8892508143322475,
        "metric_accuracy": 0.8892508143322475,
        "by_type": {
          "metric": {
            "correct": 273,
            "total": 307
          }
        }
      },
      "format_valid_rate": 1.0,
      "bleu4": 0.06778601842106607,
      "rouge_l": 0.570781640487584,
      "spatial_f1": {
        "overall": {
          "precision": 0.9089595375722543,
          "recall": 0.8309114927344782,
          "f1": 0.8681849551414769
        },
        "by_type": {
          "directional": {
            "precision": 0.12307692307692308,
            "recall": 0.36363636363636365,
            "f1": 0.18390804597701152
          },
          "topological": {
            "precision": 0.5,
            "recall": 0.5,
            "f1": 0.5
          },
          "metric": {
            "precision": 0.992,
            "recall": 0.8458390177353342,
            "f1": 0.9131075110456554
          }
        }
      }
    },
    "composite": {
      "total": 246,
      "accuracy": {
        "overall": 0.6138211382113821,
        "composite_accuracy": 0.6138211382113821,
        "by_type": {
          "composite": {
            "correct": 151,
            "total": 246
          }
        }
      },
      "format_valid_rate": 1.0,
      "bleu4": 0.22954487638370702,
      "rouge_l": 0.5817129535030029,
      "spatial_f1": {
        "overall": {
          "precision": 0.8495645288994458,
          "recall": 0.7912979351032449,
          "f1": 0.8193967163039327
        },
        "by_type": {
          "directional": {
            "precision": 0.7598371777476255,
            "recall": 0.8259587020648967,
            "f1": 0.7915194346289752
          },
          "topological": {
            "precision": 0,
            "recall": 0,
            "f1": 0
          },
          "metric": {
            "precision": 0.9752851711026616,
            "recall": 0.7566371681415929,
            "f1": 0.8521594684385381
          }
        }
      }
    },
    "topological": {
      "total": 338,
      "accuracy": {
        "overall": 0.5562130177514792,
        "topological_accuracy": 0.5562130177514792,
        "by_type": {
          "topological": {
            "correct": 188,
            "total": 338
          }
        }
      },
      "format_valid_rate": 0.9970414201183432,
      "bleu4": 0.3076689160144343,
      "rouge_l": 0.5647766449337527,
      "spatial_f1": {
        "overall": {
          "precision": 0.5626740947075209,
          "recall": 0.6292834890965732,
          "f1": 0.5941176470588235
        },
        "by_type": {
          "directional": {
            "precision": 0.6086956521739131,
            "recall": 0.8289473684210527,
            "f1": 0.701949860724234
          },
          "topological": {
            "precision": 0.6097560975609756,
            "recall": 0.4658385093167702,
            "f1": 0.528169014084507
          },
          "metric": {
            "precision": 0.034482758620689655,
            "recall": 0.125,
            "f1": 0.05405405405405405
          }
        }
      }
    }
  },
  "by_difficulty": {
    "medium": {
      "total": 520,
      "accuracy": {
        "overall": 0.7057692307692308,
        "directional_accuracy": 0.8363636363636363,
        "topological_accuracy": 0.5972696245733788,
        "metric_accuracy": 0.8547008547008547,
        "by_type": {
          "directional": {
            "correct": 92,
            "total": 110
          },
          "topological": {
            "correct": 175,
            "total": 293
          },
          "metric": {
            "correct": 100,
            "total": 117
          }
        }
      },
      "format_valid_rate": 0.9980769230769231,
      "bleu4": 0.2978602527317621,
      "rouge_l": 0.5965063894637048,
      "spatial_f1": {
        "overall": {
          "precision": 0.7862679955703211,
          "recall": 0.797752808988764,
          "f1": 0.79196876742889
        },
        "by_type": {
          "directional": {
            "precision": 0.7638095238095238,
            "recall": 0.8832599118942731,
            "f1": 0.819203268641471
          },
          "topological": {
            "precision": 0.6052631578947368,
            "recall": 0.48936170212765956,
            "f1": 0.5411764705882353
          },
          "metric": {
            "precision": 0.9090909090909091,
            "recall": 0.8135593220338984,
            "f1": 0.8586762075134168
          }
        }
      }
    },
    "easy": {
      "total": 372,
      "accuracy": {
        "overall": 0.8897849462365591,
        "metric_accuracy": 0.9105263157894737,
        "directional_accuracy": 0.8681318681318682,
        "by_type": {
          "metric": {
            "correct": 173,
            "total": 190
          },
          "directional": {
            "correct": 158,
            "total": 182
          }
        }
      },
      "format_valid_rate": 1.0,
      "bleu4": 0.3068168458756244,
      "rouge_l": 0.6756002674516841,
      "spatial_f1": {
        "overall": {
          "precision": 0.9094693028095734,
          "recall": 0.9001029866117405,
          "f1": 0.9047619047619049
        },
        "by_type": {
          "directional": {
            "precision": 0.854419410745234,
            "recall": 0.9372623574144486,
            "f1": 0.8939256572982774
          },
          "topological": {
            "precision": 0,